student_id,subject_id,mid1,mid2,q1,q2,q3,q4,q5,ass1,ass2,ass3,ass4,ass5,external_marks
A001,SUB01,18,19,2,3,3,4,3,4,3,4,3,2,34
A001,SUB02,20,16,2,4,4,4,2,4,2,4,3,3,30
A001,SUB03,15,15,3,4,4,2,4,2,3,4,2,4,30
A001,SUB04,16,17,3,3,2,3,3,2,4,2,2,2,36
A001,SUB05,19,19,4,4,4,2,2,4,3,3,4,3,38
A002,SUB01,12,3,0,4,1,3,0,0,1,1,2,1,17
A002,SUB02,8,11,1,3,2,0,3,4,0,3,2,3,31
A002,SUB03,9,11,2,1,0,3,4,2,3,2,4,4,25
A002,SUB04,3,10,3,2,2,1,0,3,4,0,2,4,19
A002,SUB05,5,7,0,4,3,2,3,1,4,4,4,2,27
A003,SUB01,21,22,5,3,3,5,3,3,5,3,5,5,52
A003,SUB02,22,21,5,3,3,3,3,5,5,4,4,5,60
A003,SUB03,25,25,4,5,4,4,4,4,4,3,4,3,56
A003,SUB04,27,22,5,5,5,5,4,3,5,4,4,3,57
A003,SUB05,27,23,4,4,5,3,3,4,5,4,5,4,42
A004,SUB01,19,17,3,2,2,2,2,4,3,4,3,2,36
A004,SUB02,16,15,3,4,4,3,3,4,2,2,3,4,38
A004,SUB03,16,18,4,2,2,3,3,3,3,3,4,3,36
A004,SUB04,16,18,3,4,3,2,4,2,3,3,3,3,34
A004,SUB05,17,15,3,4,4,4,3,3,3,2,4,2,32
A005,SUB01,21,26,3,4,5,4,4,5,5,3,5,4,51
A005,SUB02,24,21,3,5,4,5,5,3,4,5,4,3,56
A005,SUB03,21,22,3,5,5,5,4,4,4,3,4,5,46
A005,SUB04,24,25,4,5,5,5,5,3,4,4,5,4,45
A005,SUB05,27,20,4,3,3,5,4,3,5,4,4,4,54
A006,SUB01,28,23,4,3,4,4,5,3,4,3,4,4,54
A006,SUB02,25,20,5,3,4,4,3,4,3,5,3,3,46
A006,SUB03,20,22,5,5,3,4,3,4,3,4,5,5,59
A006,SUB04,25,20,5,3,4,5,5,4,4,5,4,4,46
A006,SUB05,21,24,4,3,4,5,3,5,4,4,4,3,54
A007,SUB01,24,20,3,5,5,5,3,4,5,5,3,3,59
A007,SUB02,27,21,4,4,4,3,4,3,5,3,3,4,49
A007,SUB03,28,21,5,3,3,4,3,3,3,3,5,4,57
A007,SUB04,28,20,4,3,3,3,3,4,5,4,3,4,43
A007,SUB05,25,24,5,5,3,3,4,5,5,5,4,3,47
A008,SUB01,12,7,3,3,1,3,2,2,2,1,3,2,27
A008,SUB02,11,10,1,3,3,3,2,3,2,2,3,3,20
A008,SUB03,9,6,3,3,3,2,2,2,2,3,2,3,19
A008,SUB04,13,8,1,1,1,3,2,3,2,1,1,3,27
A008,SUB05,6,6,1,3,1,3,2,3,3,3,3,1,18
A009,SUB01,16,20,3,3,2,4,2,2,2,4,2,3,40
A009,SUB02,14,16,4,3,3,3,4,2,3,3,3,4,35
A009,SUB03,15,19,2,2,4,2,4,4,4,2,3,4,34
A009,SUB04,18,19,3,3,3,4,2,3,2,4,4,3,30
A009,SUB05,20,18,3,3,4,3,3,3,2,2,2,4,35
A010,SUB01,16,14,3,2,4,3,2,2,2,2,4,2,30
A010,SUB02,19,14,2,3,4,2,3,2,4,4,4,2,31
A010,SUB03,16,17,2,2,3,4,2,3,2,3,2,4,34
A010,SUB04,20,17,3,4,2,2,3,4,2,4,3,2,38
A010,SUB05,18,19,4,4,4,3,3,2,2,3,2,4,38
A011,SUB01,18,16,4,2,3,2,4,2,3,3,2,2,38
A011,SUB02,14,17,3,4,3,2,4,3,2,2,2,4,32
A011,SUB03,16,18,3,2,4,3,3,2,2,2,3,4,30
A011,SUB04,17,16,4,3,4,3,2,3,4,3,4,3,40
A011,SUB05,15,16,4,4,2,3,4,4,4,4,4,3,30
A012,SUB01,14,19,3,4,3,3,2,2,4,3,3,4,39
A012,SUB02,15,18,4,4,4,3,3,2,3,2,2,2,31
A012,SUB03,14,17,4,2,4,3,2,3,2,4,2,2,37
A012,SUB04,15,19,3,3,3,3,4,3,2,2,2,3,30
A012,SUB05,19,19,3,2,3,4,2,4,3,3,4,2,34
A013,SUB01,28,26,5,3,4,5,4,5,5,4,4,4,45
A013,SUB02,25,26,5,3,3,4,5,5,4,3,3,3,52
A013,SUB03,23,27,4,3,5,3,5,4,4,3,3,4,47
A013,SUB04,25,21,4,3,4,5,4,5,3,3,5,5,60
A013,SUB05,23,22,3,3,4,5,3,5,3,4,5,5,43
A014,SUB01,15,15,3,2,4,2,3,4,2,3,3,2,39
A014,SUB02,20,16,2,3,4,3,2,4,4,3,4,3,35
A014,SUB03,16,20,4,3,3,3,4,2,2,4,3,2,38
A014,SUB04,16,14,2,3,4,4,4,3,2,2,4,2,37
A014,SUB05,15,18,4,4,4,3,3,4,2,4,4,4,34
A015,SUB01,24,26,4,4,5,5,5,5,4,3,5,4,56
A015,SUB02,25,23,5,5,4,2,5,2,5,4,4,4,51
A015,SUB03,29,22,2,5,5,2,2,3,2,5,5,5,39
A015,SUB04,18,24,2,2,5,3,5,2,3,4,4,4,46
A015,SUB05,29,28,5,2,4,4,5,3,4,5,3,4,59
A016,SUB01,18,15,2,3,3,2,2,3,3,2,2,2,31
A016,SUB02,17,16,3,2,2,4,2,3,4,3,2,4,31
A016,SUB03,17,20,3,4,2,3,2,2,2,3,4,2,38
A016,SUB04,15,19,4,2,4,3,2,4,2,2,4,2,40
A016,SUB05,18,14,2,3,4,2,2,3,4,3,4,2,32
A017,SUB01,17,17,2,2,2,2,3,2,4,4,4,4,33
A017,SUB02,19,17,3,3,4,2,3,2,3,4,3,4,40
A017,SUB03,18,16,2,4,4,4,3,2,2,4,3,4,38
A017,SUB04,17,17,2,2,3,3,3,3,4,4,3,3,39
A017,SUB05,20,17,3,2,2,4,2,4,2,3,3,2,39
A018,SUB01,13,8,3,3,3,1,1,1,3,1,3,2,25
A018,SUB02,13,9,2,2,2,2,3,3,3,2,3,1,22
A018,SUB03,7,6,3,1,3,1,3,1,2,1,1,3,26
A018,SUB04,6,10,2,3,3,2,3,1,3,3,1,3,26
A018,SUB05,6,6,1,3,2,3,2,2,2,1,2,3,20
A019,SUB01,22,27,3,5,4,3,5,5,4,4,3,3,44
A019,SUB02,20,20,3,3,4,3,3,5,3,3,4,5,53
A019,SUB03,25,20,4,5,3,4,4,4,4,4,4,4,60
A019,SUB04,21,28,5,5,5,5,4,4,4,5,4,3,59
A019,SUB05,21,26,5,3,3,3,3,5,5,4,5,3,48
A020,SUB01,28,28,5,3,3,4,5,3,5,4,5,3,60
A020,SUB02,28,22,4,5,4,4,5,5,4,5,4,3,51
A020,SUB03,22,27,5,5,4,5,4,3,3,4,3,4,46
A020,SUB04,25,21,5,4,3,5,5,5,4,4,4,3,46
A020,SUB05,24,28,4,3,5,5,5,3,4,4,3,4,59
A021,SUB01,7,10,3,1,1,1,3,2,3,2,2,2,24
A021,SUB02,8,7,3,2,3,2,3,1,1,3,3,3,25
A021,SUB03,8,7,1,1,1,3,3,1,2,1,1,3,21
A021,SUB04,9,9,3,1,3,3,2,3,3,2,3,2,22
A021,SUB05,6,8,3,1,2,2,3,1,3,1,3,1,18
A022,SUB01,14,15,4,2,2,3,4,3,3,2,3,2,33
A022,SUB02,17,15,3,2,3,3,4,3,3,3,3,3,32
A022,SUB03,18,18,2,4,2,3,3,4,4,4,4,3,32
A022,SUB04,19,18,4,4,4,4,2,3,3,3,3,2,35
A022,SUB05,17,17,4,4,2,2,4,2,4,4,3,4,37
A023,SUB01,18,18,4,4,4,3,3,2,3,2,4,4,41
A023,SUB02,15,20,3,3,2,3,3,2,3,2,2,4,33
A023,SUB03,16,19,2,3,3,4,4,2,2,3,3,2,35
A023,SUB04,16,18,3,2,3,3,4,2,2,3,3,4,39
A023,SUB05,19,19,2,3,3,2,3,4,3,4,2,3,37
A024,SUB01,27,26,3,5,4,3,3,5,3,4,5,5,47
A024,SUB02,26,25,3,5,5,4,5,4,3,4,3,3,57
A024,SUB03,24,25,4,3,3,4,4,3,5,4,4,4,45
A024,SUB04,22,23,3,5,3,4,5,4,3,3,5,4,42
A024,SUB05,21,23,5,5,4,4,3,5,3,4,3,4,60
A025,SUB01,6,8,1,1,2,2,2,2,1,2,2,3,27
A025,SUB02,8,12,2,1,3,2,1,3,3,3,2,3,29
A025,SUB03,12,12,2,1,2,1,1,2,1,3,1,1,29
A025,SUB04,6,6,1,2,2,3,3,2,3,1,1,2,26
A025,SUB05,9,6,1,1,1,2,1,3,2,3,1,1,18
A026,SUB01,20,26,4,5,3,3,4,3,4,4,4,3,50
A026,SUB02,24,25,5,3,5,3,4,5,4,3,4,5,58
A026,SUB03,20,28,5,3,5,4,4,4,5,4,3,3,59
A026,SUB04,21,25,4,3,4,5,5,4,3,5,4,3,45
A026,SUB05,24,27,5,4,4,5,4,5,5,3,4,3,59
A027,SUB01,23,25,3,3,4,3,3,4,3,3,3,5,58
A027,SUB02,21,22,5,4,4,5,3,5,4,3,5,3,49
A027,SUB03,24,27,4,4,4,4,5,5,3,3,4,4,59
A027,SUB04,27,25,3,5,3,3,3,5,4,5,4,5,45
A027,SUB05,22,22,5,3,5,5,3,4,5,5,5,3,60
A028,SUB01,16,12,1,3,2,1,4,2,2,3,4,2,25
A028,SUB02,12,14,5,1,4,4,2,5,3,1,2,2,31
A028,SUB03,19,16,5,5,3,2,1,2,4,2,3,5,43
A028,SUB04,12,21,5,5,5,1,1,3,3,4,2,4,35
A028,SUB05,14,14,3,5,3,2,3,2,3,5,4,2,37
A029,SUB01,15,16,4,2,2,4,4,4,4,3,4,2,38
A029,SUB02,17,16,2,4,4,2,4,3,3,2,2,4,39
A029,SUB03,16,18,2,3,2,4,2,4,4,2,4,3,31
A029,SUB04,18,18,2,2,3,2,3,4,2,3,2,3,32
A029,SUB05,17,16,2,4,2,3,2,3,2,3,3,4,36
A030,SUB01,19,17,2,4,4,4,4,4,4,2,3,3,37
A030,SUB02,20,20,2,3,4,2,2,2,4,4,4,2,36
A030,SUB03,14,15,2,3,3,3,2,4,3,3,2,4,40
A030,SUB04,19,14,4,4,4,3,3,3,4,4,4,2,36
A030,SUB05,19,19,3,4,2,3,3,3,2,4,3,3,30
A031,SUB01,16,19,4,2,3,2,4,2,2,3,3,2,30
A031,SUB02,15,18,4,2,3,2,4,2,3,3,4,4,41
A031,SUB03,19,14,4,3,4,2,3,4,2,3,4,2,31
A031,SUB04,18,19,4,2,3,3,4,4,3,4,2,4,33
A031,SUB05,20,15,4,2,2,4,4,3,4,3,2,4,34
A032,SUB01,27,27,3,3,3,5,5,5,3,4,5,4,49
A032,SUB02,22,20,5,5,5,4,5,4,5,4,5,4,57
A032,SUB03,23,28,3,5,3,3,5,4,5,5,4,3,55
A032,SUB04,24,25,5,3,5,5,5,3,3,3,3,3,55
A032,SUB05,22,24,4,5,4,3,5,4,5,5,3,3,53
A033,SUB01,25,28,4,4,4,4,4,4,5,5,3,4,59
A033,SUB02,23,25,5,5,3,3,4,5,5,4,5,3,46
A033,SUB03,25,23,4,5,4,5,4,3,3,5,3,4,56
A033,SUB04,27,28,4,5,3,3,4,4,3,3,5,4,57
A033,SUB05,26,26,3,4,3,5,5,5,3,5,5,5,48
A034,SUB01,25,20,5,4,4,3,5,4,5,5,3,5,45
A034,SUB02,27,24,3,5,4,5,5,4,5,5,3,3,45
A034,SUB03,27,28,4,4,4,5,3,5,4,5,4,3,48
A034,SUB04,24,27,5,4,5,4,3,5,5,4,4,4,53
A034,SUB05,25,25,5,3,5,4,4,4,5,5,5,5,58
A035,SUB01,23,24,5,5,5,4,5,4,4,3,4,5,55
A035,SUB02,28,27,5,5,3,3,3,5,4,4,4,4,54
A035,SUB03,27,20,5,4,3,5,4,3,5,3,4,5,53
A035,SUB04,20,24,4,4,5,4,5,4,4,5,4,3,51
A035,SUB05,28,21,5,5,5,5,4,5,4,3,3,5,42
A036,SUB01,20,21,3,5,3,4,4,5,3,5,5,3,52
A036,SUB02,21,28,4,5,5,4,3,3,3,5,3,4,50
A036,SUB03,22,25,5,4,4,4,4,3,3,5,4,3,55
A036,SUB04,28,27,4,3,3,3,5,4,4,4,5,4,52
A036,SUB05,24,28,5,5,4,5,3,5,4,3,5,3,47
A037,SUB01,15,17,4,4,3,3,4,4,4,2,2,3,38
A037,SUB02,17,14,3,4,4,3,3,2,3,2,2,2,35
A037,SUB03,14,19,2,3,2,4,4,2,3,2,2,4,41
A037,SUB04,17,18,3,4,4,2,2,3,3,2,3,2,39
A037,SUB05,14,17,3,2,2,4,4,3,2,4,2,4,40
A038,SUB01,16,18,4,2,2,4,4,2,2,2,3,2,40
A038,SUB02,16,14,2,2,2,3,4,3,2,2,3,3,33
A038,SUB03,19,14,2,4,3,4,2,2,2,2,2,4,32
A038,SUB04,18,17,3,4,3,4,2,3,2,4,3,2,38
A038,SUB05,18,17,3,3,2,3,4,3,3,4,2,2,30
A039,SUB01,27,25,3,4,4,4,3,5,3,3,4,3,50
A039,SUB02,23,26,4,5,3,4,4,3,5,4,3,5,53
A039,SUB03,23,22,4,3,3,3,3,4,4,4,3,3,45
A039,SUB04,20,20,5,5,4,5,4,5,5,4,4,3,56
A039,SUB05,21,26,5,5,4,4,3,4,5,5,4,4,58
A040,SUB01,18,19,4,3,4,4,2,2,4,3,2,4,32
A040,SUB02,18,16,3,4,3,4,2,4,2,4,4,3,31
A040,SUB03,18,19,2,2,3,2,4,3,2,3,4,4,32
A040,SUB04,15,17,4,3,2,2,2,4,2,3,2,2,32
A040,SUB05,17,15,2,3,3,2,4,3,4,3,2,4,39
A041,SUB01,20,16,2,3,4,2,2,4,3,4,4,4,31
A041,SUB02,17,14,2,2,3,3,4,4,4,2,4,2,37
A041,SUB03,17,14,3,2,4,4,3,3,2,2,2,3,37
A041,SUB04,19,18,2,3,2,2,4,3,2,4,4,4,38
A041,SUB05,15,14,2,3,3,2,4,4,4,2,4,3,33
A042,SUB01,23,28,4,5,5,4,4,3,5,4,3,5,54
A042,SUB02,21,26,4,5,5,3,5,5,4,3,3,3,52
A042,SUB03,20,26,5,5,3,4,4,3,4,5,3,3,57
A042,SUB04,27,24,3,4,5,3,3,4,5,3,5,5,53
A042,SUB05,20,22,3,4,3,4,4,5,4,4,3,4,45
A043,SUB01,22,20,4,5,4,3,4,5,3,3,3,4,54
A043,SUB02,26,20,4,3,4,4,5,3,5,5,4,3,49
A043,SUB03,24,25,5,4,5,5,4,5,4,3,5,4,51
A043,SUB04,28,20,3,4,4,4,3,3,4,4,3,3,49
A043,SUB05,28,23,3,5,3,5,5,5,5,3,5,5,43
A044,SUB01,19,14,4,2,4,4,2,2,3,4,2,4,30
A044,SUB02,18,18,4,2,4,4,2,4,3,2,4,3,36
A044,SUB03,16,16,4,2,4,2,4,4,4,3,3,3,37
A044,SUB04,18,14,4,2,4,2,4,2,3,3,3,2,39
A044,SUB05,14,19,3,2,4,2,3,2,3,2,3,3,39
A045,SUB01,10,11,3,2,2,1,1,3,2,1,3,2,18
A045,SUB02,11,6,3,1,3,1,1,2,2,2,1,1,24
A045,SUB03,10,6,2,3,2,1,3,2,2,1,1,2,24
A045,SUB04,12,10,2,3,1,2,3,2,3,2,2,1,19
A045,SUB05,13,13,1,1,2,3,2,3,1,1,2,1,27
A046,SUB01,15,15,3,4,2,2,2,2,2,2,3,2,31
A046,SUB02,15,18,4,4,2,4,2,2,3,4,2,2,38
A046,SUB03,17,20,2,3,4,2,4,3,2,2,4,4,34
A046,SUB04,20,17,4,3,2,2,3,3,3,2,2,4,38
A046,SUB05,17,18,2,3,2,2,2,2,2,2,3,3,34
A047,SUB01,15,20,3,2,4,2,3,4,3,4,4,2,35
A047,SUB02,19,17,4,4,2,2,2,3,2,2,2,4,40
A047,SUB03,16,18,3,4,3,4,3,4,3,4,3,3,35
A047,SUB04,20,18,4,3,2,3,2,2,2,3,3,4,37
A047,SUB05,16,18,2,3,2,4,2,2,2,2,3,3,41
A048,SUB01,14,14,4,2,2,2,3,3,3,3,4,3,36
A048,SUB02,18,18,2,4,2,3,3,3,2,2,4,3,41
A048,SUB03,14,16,2,2,4,3,2,3,4,2,3,4,41
A048,SUB04,16,16,2,2,3,3,2,4,3,3,3,3,32
A048,SUB05,19,15,3,3,2,3,2,2,2,2,4,3,37
A049,SUB01,18,18,3,4,2,3,3,3,3,4,3,2,40
A049,SUB02,17,18,3,2,3,2,2,4,3,2,2,2,31
A049,SUB03,19,18,2,4,4,3,3,4,4,3,3,3,41
A049,SUB04,16,17,3,4,3,2,4,3,2,2,3,2,37
A049,SUB05,16,20,3,4,4,4,3,4,2,3,3,4,39
A050,SUB01,27,22,4,3,3,3,4,3,4,5,3,4,49
A050,SUB02,28,21,4,3,5,5,5,5,4,5,4,5,57
A050,SUB03,22,23,4,4,5,5,5,4,3,5,4,4,58
A050,SUB04,21,27,5,5,5,3,3,3,5,4,3,5,48
A050,SUB05,22,21,4,5,4,5,3,4,3,5,5,4,58
A051,SUB01,17,18,4,4,4,4,4,4,4,2,2,2,34
A051,SUB02,18,19,2,3,4,4,2,3,2,3,2,3,33
A051,SUB03,17,16,2,2,3,3,4,4,3,3,2,4,36
A051,SUB04,18,20,2,3,2,2,4,2,3,3,3,2,34
A051,SUB05,17,20,4,4,3,2,4,2,2,4,4,2,39
A052,SUB01,24,22,3,5,5,3,5,3,4,3,3,3,51
A052,SUB02,24,21,4,4,4,3,4,4,4,4,3,3,59
A052,SUB03,28,27,3,5,4,5,4,4,5,4,5,3,58
A052,SUB04,28,21,5,5,3,5,3,3,3,3,5,4,43
A052,SUB05,22,24,3,4,4,4,5,5,5,5,4,5,59
A053,SUB01,13,8,3,2,2,2,3,2,1,1,3,3,21
A053,SUB02,12,12,2,3,3,2,3,3,1,1,2,2,24
A053,SUB03,12,12,1,3,1,3,3,1,2,1,1,1,25
A053,SUB04,8,10,3,1,3,2,1,3,3,3,1,2,24
A053,SUB05,7,6,2,1,1,1,1,3,3,2,1,3,18
A054,SUB01,14,14,4,3,2,2,3,3,3,3,4,3,37
A054,SUB02,17,19,2,4,2,2,2,4,4,3,2,4,41
A054,SUB03,20,16,4,2,2,2,3,4,2,2,3,4,39
A054,SUB04,19,14,3,2,3,4,2,4,4,4,2,4,35
A054,SUB05,14,14,4,3,3,2,2,2,4,2,4,3,37
A055,SUB01,17,16,3,4,2,3,3,3,3,2,2,2,30
A055,SUB02,15,20,3,4,4,3,2,2,3,3,2,3,38
A055,SUB03,14,20,3,4,4,3,2,3,3,2,4,4,32
A055,SUB04,19,18,4,3,4,3,4,3,3,3,4,4,38
A055,SUB05,15,18,2,2,4,4,2,3,2,2,3,3,35
A056,SUB01,14,17,2,4,3,2,4,3,4,3,4,4,30
A056,SUB02,18,15,3,3,3,4,2,3,4,4,4,3,37
A056,SUB03,16,20,4,2,3,2,3,4,4,3,2,4,35
A056,SUB04,17,17,4,4,2,2,3,3,2,4,3,4,30
A056,SUB05,14,19,4,4,3,3,3,3,3,4,2,3,31
A057,SUB01,27,27,4,4,5,3,4,4,3,3,3,4,59
A057,SUB02,28,20,5,5,3,4,4,4,5,3,3,4,56
A057,SUB03,22,26,3,5,3,4,4,4,5,3,3,3,60
A057,SUB04,21,26,5,3,3,3,5,5,5,5,5,3,52
A057,SUB05,27,24,4,5,4,3,4,5,5,5,4,5,58
A058,SUB01,19,16,3,3,2,4,4,2,4,2,2,2,34
A058,SUB02,19,14,3,2,3,4,2,4,3,4,3,2,37
A058,SUB03,17,18,3,2,3,4,2,4,2,2,2,3,41
A058,SUB04,17,19,3,3,3,3,3,2,4,4,3,2,40
A058,SUB05,14,18,2,2,3,3,3,3,2,2,4,2,30
A059,SUB01,18,15,4,4,2,3,4,3,4,4,4,2,33
A059,SUB02,15,16,3,2,3,4,2,3,2,2,2,3,36
A059,SUB03,17,20,2,4,2,2,3,4,2,4,2,4,35
A059,SUB04,17,17,3,4,4,4,2,2,3,4,2,4,41
A059,SUB05,15,16,3,2,4,4,2,4,2,3,3,4,31
A060,SUB01,17,16,3,2,4,4,4,4,2,3,4,3,40
A060,SUB02,18,15,2,4,2,4,2,2,4,3,3,4,40
A060,SUB03,19,15,4,3,3,4,3,4,4,2,2,2,40
A060,SUB04,15,18,2,2,4,2,4,3,2,4,4,3,36
A060,SUB05,15,14,4,3,4,4,2,3,3,2,2,4,39
A061,SUB01,9,8,2,3,3,3,1,1,2,3,1,1,19
A061,SUB02,13,9,1,2,1,2,2,3,3,3,3,2,25
A061,SUB03,11,7,3,2,1,1,1,1,1,1,2,1,26
A061,SUB04,12,11,2,2,1,2,2,1,3,2,1,2,22
A061,SUB05,12,12,2,3,2,1,1,2,2,2,2,3,27
A062,SUB01,6,9,2,3,2,2,2,2,1,3,2,3,29
A062,SUB02,6,7,3,2,2,2,3,1,1,2,2,2,22
A062,SUB03,8,12,3,3,1,1,3,1,3,2,3,3,28
A062,SUB04,11,7,1,2,3,3,3,1,1,2,2,1,26
A062,SUB05,8,10,2,2,1,2,3,2,1,2,3,3,29
A063,SUB01,16,16,4,2,4,2,3,4,4,2,2,4,34
A063,SUB02,15,14,2,2,3,2,4,3,3,2,2,3,34
A063,SUB03,16,20,3,4,2,2,4,2,2,2,4,3,31
A063,SUB04,18,16,3,2,4,3,2,3,3,4,4,4,40
A063,SUB05,17,19,2,3,3,2,4,2,4,4,4,3,32
A064,SUB01,27,22,3,5,4,5,3,3,4,4,5,5,60
A064,SUB02,21,26,3,5,5,4,5,3,4,4,5,3,60
A064,SUB03,27,27,4,5,4,3,3,4,4,4,5,4,47
A064,SUB04,24,28,4,4,4,4,3,5,3,5,5,3,59
A064,SUB05,21,26,3,3,3,3,4,4,3,5,5,5,57
A065,SUB01,19,15,2,3,4,2,3,2,4,2,2,3,36
A065,SUB02,15,14,4,2,2,2,2,2,4,2,2,4,40
A065,SUB03,15,15,2,2,2,2,4,4,3,3,4,4,37
A065,SUB04,20,17,3,2,3,3,3,3,2,4,2,2,36
A065,SUB05,19,14,4,3,4,4,3,2,4,2,3,4,36
A066,SUB01,13,10,2,3,2,3,1,2,2,1,2,1,23
A066,SUB02,11,10,2,3,1,1,1,3,3,3,1,3,20
A066,SUB03,10,10,1,3,1,3,2,2,3,3,3,3,27
A066,SUB04,8,6,2,2,1,1,1,2,3,2,2,2,23
A066,SUB05,8,10,2,3,2,3,2,1,1,2,2,2,27
B001,SUB01,6,12,3,1,2,1,3,2,1,1,1,2,27
B001,SUB02,10,6,1,1,3,3,1,2,1,3,3,1,25
B001,SUB03,8,6,1,1,2,3,2,1,1,3,3,2,19
B001,SUB04,13,10,1,1,3,2,3,2,3,2,3,3,23
B001,SUB05,12,13,2,2,2,2,1,3,1,1,2,1,27
B002,SUB01,19,14,4,4,2,2,2,4,4,3,2,4,32
B002,SUB02,16,18,3,3,2,3,4,3,2,4,2,4,35
B002,SUB03,15,19,2,4,3,3,4,4,3,2,3,4,31
B002,SUB04,15,16,2,3,2,4,4,2,2,4,2,3,32
B002,SUB05,20,17,3,3,3,3,3,3,3,4,2,2,38
B003,SUB01,14,16,4,3,2,3,3,3,4,3,3,2,33
B003,SUB02,19,18,3,2,4,3,3,3,2,4,3,4,32
B003,SUB03,14,20,3,3,2,2,3,4,3,4,2,3,36
B003,SUB04,20,17,2,2,3,4,3,4,3,3,3,2,33
B003,SUB05,19,19,2,4,2,4,4,4,4,2,3,3,38
B004,SUB01,24,21,3,3,3,3,4,5,3,3,3,5,45
B004,SUB02,20,23,5,4,3,3,4,4,5,3,4,4,49
B004,SUB03,28,25,3,3,4,4,4,4,4,4,4,3,56
B004,SUB04,24,21,3,5,4,5,4,3,5,4,4,3,57
B004,SUB05,24,23,5,3,3,3,4,4,3,4,4,4,52
B005,SUB01,7,9,2,1,4,3,0,1,0,2,0,2,21
B005,SUB02,8,2,1,0,2,4,0,3,3,2,4,2,24
B005,SUB03,6,3,3,3,2,2,1,4,0,2,1,1,24
B005,SUB04,8,4,4,2,2,2,1,2,2,3,2,2,14
B005,SUB05,11,14,2,4,3,4,0,3,3,3,1,3,17
B006,SUB01,15,18,3,2,2,2,2,3,3,3,3,4,38
B006,SUB02,19,17,3,3,3,3,4,2,4,2,2,4,41
B006,SUB03,14,15,2,2,3,2,2,3,2,3,3,4,33
B006,SUB04,15,17,3,4,4,3,4,4,3,2,4,2,40
B006,SUB05,17,18,3,4,4,4,4,4,3,4,2,4,40
B007,SUB01,15,16,2,4,2,2,2,3,4,2,2,4,32
B007,SUB02,16,15,2,2,4,2,3,2,2,2,3,2,34
B007,SUB03,19,15,3,2,3,4,2,3,2,4,4,3,38
B007,SUB04,18,16,3,2,3,2,4,2,2,3,2,2,41
B007,SUB05,16,16,2,2,2,3,3,2,2,4,3,3,39
B008,SUB01,18,17,3,3,3,2,2,3,4,3,4,4,39
B008,SUB02,14,14,2,3,2,4,4,3,2,2,4,2,39
B008,SUB03,17,17,3,4,2,3,3,4,2,3,3,3,37
B008,SUB04,20,15,4,3,2,4,4,3,4,3,3,3,30
B008,SUB05,15,18,4,3,4,3,2,2,3,3,2,3,31
B009,SUB01,7,9,2,2,1,1,3,1,1,3,2,1,27
B009,SUB02,8,9,1,1,2,2,3,2,1,3,1,1,24
B009,SUB03,6,8,2,1,3,2,2,1,1,2,1,1,26
B009,SUB04,12,12,3,2,2,3,3,1,1,2,3,2,18
B009,SUB05,6,13,1,1,3,3,3,3,3,3,3,1,26
B010,SUB01,27,20,4,5,4,5,3,4,4,4,3,3,51
B010,SUB02,20,28,3,3,4,4,5,5,5,5,4,5,43
B010,SUB03,24,22,3,5,4,5,4,5,5,5,4,5,53
B010,SUB04,24,27,3,3,5,5,4,5,5,3,4,3,55
B010,SUB05,20,24,5,5,5,4,3,3,3,4,3,4,57
B011,SUB01,22,22,4,5,3,3,5,5,4,4,5,3,46
B011,SUB02,21,20,4,4,4,4,3,3,4,4,5,4,53
B011,SUB03,28,24,4,3,5,3,5,4,3,5,5,5,56
B011,SUB04,22,27,3,4,5,5,4,3,5,3,4,3,44
B011,SUB05,20,21,4,3,4,4,4,5,4,5,4,3,46
B012,SUB01,28,27,4,4,3,3,5,5,3,5,5,3,50
B012,SUB02,25,28,4,4,3,3,5,5,4,3,5,3,50
B012,SUB03,20,26,4,4,4,3,3,4,4,5,4,4,49
B012,SUB04,26,22,3,4,3,4,4,5,4,4,4,4,45
B012,SUB05,27,24,5,4,3,5,5,3,5,3,4,5,57
B013,SUB01,25,26,5,5,4,3,4,5,3,3,5,5,48
B013,SUB02,23,26,5,4,4,5,4,4,5,3,4,4,51
B013,SUB03,26,28,5,3,3,4,4,5,5,3,4,4,59
B013,SUB04,21,23,3,5,4,3,4,4,3,4,3,4,42
B013,SUB05,23,26,3,4,5,3,5,4,3,4,3,3,50
B014,SUB01,17,14,3,3,3,4,3,3,2,4,3,2,31
B014,SUB02,18,20,4,3,4,4,3,3,4,2,3,3,41
B014,SUB03,17,19,4,3,3,4,3,4,4,4,3,4,40
B014,SUB04,19,19,3,4,2,4,4,4,2,4,4,3,39
B014,SUB05,18,20,4,4,4,3,3,2,4,3,4,3,39
B015,SUB01,17,18,4,2,4,4,3,2,3,3,2,4,41
B015,SUB02,14,19,4,2,4,2,3,2,3,4,3,4,30
B015,SUB03,20,19,3,2,4,3,2,3,3,2,4,2,34
B015,SUB04,17,20,2,2,3,4,4,4,2,4,4,2,38
B015,SUB05,18,17,4,3,2,4,4,3,2,3,3,2,38
B016,SUB01,20,20,2,2,4,2,3,2,2,2,3,4,30
B016,SUB02,14,18,3,2,2,4,4,3,4,3,2,3,31
B016,SUB03,19,15,2,4,4,3,2,4,4,3,2,2,34
B016,SUB04,17,19,2,2,4,2,3,4,3,3,4,3,41
B016,SUB05,14,17,4,3,3,2,4,3,2,2,4,3,41
B017,SUB01,12,9,3,2,2,3,2,2,3,3,3,2,26
B017,SUB02,9,6,3,3,3,1,3,3,1,1,2,3,20
B017,SUB03,6,9,3,3,3,3,3,2,2,1,3,1,29
B017,SUB04,6,12,2,1,2,3,1,2,2,3,3,2,29
B017,SUB05,9,7,1,3,1,3,3,1,1,2,2,2,23
B018,SUB01,10,11,3,2,2,3,2,3,2,1,3,2,29
B018,SUB02,10,13,1,1,2,1,3,1,2,1,2,1,23
B018,SUB03,8,10,3,2,2,2,2,2,1,2,1,3,27
B018,SUB04,7,10,3,3,1,2,1,1,3,3,3,1,18
B018,SUB05,7,12,2,1,1,1,3,2,3,2,2,3,21
B019,SUB01,20,28,3,5,5,5,5,3,4,3,3,4,60
B019,SUB02,25,25,4,3,4,3,4,3,3,4,4,3,54
B019,SUB03,22,21,3,3,5,4,3,3,4,3,3,3,51
B019,SUB04,22,26,3,5,3,5,4,4,5,5,4,4,47
B019,SUB05,20,24,5,4,5,5,3,5,3,4,5,5,45
B020,SUB01,14,14,2,3,2,4,2,4,3,3,2,3,35
B020,SUB02,14,16,4,2,3,4,3,2,4,4,3,2,41
B020,SUB03,18,15,4,4,2,2,3,4,3,2,4,3,32
B020,SUB04,16,20,3,4,3,3,3,2,3,2,4,3,36
B020,SUB05,18,16,3,2,3,4,2,4,4,3,2,4,35
B021,SUB01,17,20,4,3,4,3,3,3,4,3,3,4,41
B021,SUB02,19,18,2,2,2,3,2,3,2,3,3,2,41
B021,SUB03,19,14,4,2,2,4,4,2,3,4,2,4,35
B021,SUB04,14,15,3,3,2,4,2,4,2,3,4,3,38
B021,SUB05,19,14,3,2,3,2,3,2,4,3,3,2,39
B022,SUB01,23,26,3,3,5,5,5,5,3,5,5,5,46
B022,SUB02,20,28,4,5,4,5,4,3,4,4,5,3,48
B022,SUB03,20,25,3,4,5,3,4,5,3,5,4,3,55
B022,SUB04,28,24,4,5,4,4,5,5,4,5,5,3,58
B022,SUB05,20,26,4,3,5,4,3,3,3,5,4,4,47
B023,SUB01,19,15,4,4,2,4,2,4,3,2,4,4,37
B023,SUB02,15,19,4,3,3,4,2,3,3,4,2,4,39
B023,SUB03,15,19,2,3,4,4,2,3,4,2,4,4,37
B023,SUB04,19,17,2,3,2,3,3,3,3,4,3,4,33
B023,SUB05,16,16,3,2,2,2,2,3,4,4,3,4,36
B024,SUB01,27,25,3,5,3,5,5,3,5,5,3,5,43
B024,SUB02,28,27,4,3,4,5,3,3,3,4,4,5,45
B024,SUB03,27,25,4,5,4,5,5,5,4,3,5,3,47
B024,SUB04,26,26,4,4,4,3,5,5,4,5,4,5,46
B024,SUB05,25,20,5,4,4,3,4,3,5,4,5,3,46
B025,SUB01,16,14,3,3,3,3,4,4,4,2,3,4,30
B025,SUB02,18,19,2,4,4,4,4,2,3,3,2,3,31
B025,SUB03,16,18,2,2,2,4,4,3,2,3,4,4,41
B025,SUB04,20,14,2,3,3,3,2,4,4,4,2,3,36
B025,SUB05,14,19,2,2,2,3,4,2,2,2,4,3,37
B026,SUB01,24,21,4,3,3,5,4,3,3,5,4,4,57
B026,SUB02,20,25,3,4,3,5,5,5,3,3,4,5,56
B026,SUB03,21,24,5,4,5,5,5,3,5,4,5,3,46
B026,SUB04,27,21,3,3,3,5,5,4,5,3,5,4,42
B026,SUB05,23,20,3,3,4,5,5,4,5,4,5,3,43
B027,SUB01,17,15,2,2,2,3,3,2,4,3,3,4,36
B027,SUB02,19,15,3,4,2,2,4,2,3,2,3,2,35
B027,SUB03,17,17,3,2,3,3,2,2,2,4,2,4,33
B027,SUB04,18,14,2,2,4,3,3,2,2,2,3,3,39
B027,SUB05,20,20,4,2,4,2,2,3,2,4,4,4,32
B028,SUB01,21,20,3,3,3,4,5,5,3,5,3,5,57
B028,SUB02,20,26,4,4,5,3,4,3,5,4,3,4,49
B028,SUB03,24,26,4,5,5,3,5,3,4,5,3,5,47
B028,SUB04,21,20,3,5,3,5,5,3,4,5,5,4,49
B028,SUB05,24,24,5,3,3,3,3,3,4,5,4,4,57
B029,SUB01,6,13,3,3,2,1,3,2,2,2,2,2,26
B029,SUB02,7,13,1,1,2,1,1,2,2,1,1,2,26
B029,SUB03,6,12,2,2,2,3,2,3,1,3,2,1,28
B029,SUB04,7,12,1,1,3,2,3,3,3,3,3,3,29
B029,SUB05,6,6,1,2,3,3,1,2,3,1,2,3,22
B030,SUB01,20,25,2,4,4,3,5,3,5,2,5,2,52
B030,SUB02,16,22,4,4,5,3,2,5,4,5,4,5,46
B030,SUB03,23,28,2,2,3,5,5,5,4,5,4,4,53
B030,SUB04,25,30,5,5,4,2,4,5,4,4,5,4,58
B030,SUB05,23,18,2,5,4,3,4,2,5,3,3,4,44
B031,SUB01,14,18,3,3,3,3,2,4,2,2,4,3,41
B031,SUB02,14,20,3,3,3,2,3,4,4,4,2,2,34
B031,SUB03,14,14,2,3,3,3,4,3,4,2,2,2,37
B031,SUB04,16,16,3,4,3,4,4,3,4,3,2,4,33
B031,SUB05,14,17,2,4,2,4,4,2,4,2,4,4,38
B032,SUB01,26,24,5,3,4,5,5,4,4,4,5,3,51
B032,SUB02,21,24,3,5,3,5,3,4,5,5,3,3,55
B032,SUB03,25,26,4,5,4,4,3,5,5,3,5,4,45
B032,SUB04,26,25,5,5,4,5,3,5,5,3,3,5,48
B032,SUB05,23,25,4,4,3,3,4,3,3,5,3,3,43
B033,SUB01,14,16,3,3,4,3,4,2,4,2,2,4,37
B033,SUB02,14,14,4,2,3,2,4,4,3,2,2,2,38
B033,SUB03,17,16,2,3,2,4,3,4,2,3,2,3,41
B033,SUB04,15,18,4,2,4,3,4,3,4,2,2,4,37
B033,SUB05,20,15,4,2,3,3,3,4,2,2,4,4,30
B034,SUB01,17,18,3,2,2,3,3,4,3,2,3,3,34
B034,SUB02,20,20,3,3,4,2,2,2,4,3,3,2,41
B034,SUB03,20,18,3,3,3,3,3,3,3,4,3,2,41
B034,SUB04,20,20,4,3,3,2,3,3,2,3,4,3,37
B034,SUB05,18,20,4,2,2,4,3,3,3,2,3,2,30
B035,SUB01,16,17,4,4,4,3,3,4,3,2,2,3,33
B035,SUB02,19,16,3,2,2,4,2,4,2,4,2,2,31
B035,SUB03,20,19,3,4,2,3,4,4,3,3,4,4,36
B035,SUB04,15,18,4,3,4,2,3,2,2,4,3,4,35
B035,SUB05,20,19,4,4,4,2,4,4,3,4,2,4,32
B036,SUB01,17,15,4,4,4,2,2,3,2,2,4,3,32
B036,SUB02,18,19,4,3,4,2,3,3,4,4,3,2,38
B036,SUB03,16,19,4,3,4,3,3,3,4,4,3,3,34
B036,SUB04,20,14,3,4,2,2,3,4,3,4,3,4,39
B036,SUB05,20,20,2,4,4,3,3,3,3,2,4,2,31
B037,SUB01,20,22,5,4,4,3,3,5,4,4,3,5,58
B037,SUB02,21,21,3,4,4,5,5,4,3,5,4,4,42
B037,SUB03,24,26,3,5,3,4,5,3,4,5,5,4,44
B037,SUB04,23,26,3,5,5,3,3,3,3,3,4,5,54
B037,SUB05,23,23,3,3,5,3,5,5,5,4,3,3,60
B038,SUB01,6,9,3,1,2,3,2,1,2,1,2,2,27
B038,SUB02,9,6,3,2,2,2,1,1,3,1,3,1,27
B038,SUB03,10,10,3,3,1,2,3,3,3,2,2,1,28
B038,SUB04,11,6,1,3,1,2,3,2,3,1,2,3,27
B038,SUB05,7,11,2,2,3,1,2,2,2,3,3,3,24
B039,SUB01,26,24,4,4,5,3,4,3,3,4,5,5,43
B039,SUB02,21,25,3,5,3,4,4,4,5,3,5,5,51
B039,SUB03,24,28,4,4,3,5,3,4,5,3,3,3,58
B039,SUB04,22,26,4,5,5,5,5,5,5,3,4,5,55
B039,SUB05,28,28,4,4,3,3,3,5,4,4,4,5,50
B040,SUB01,16,19,3,2,2,4,4,2,4,2,4,2,41
B040,SUB02,14,17,4,4,2,4,3,4,4,4,3,3,33
B040,SUB03,18,20,4,2,4,4,3,4,2,4,3,2,41
B040,SUB04,19,18,4,4,3,4,3,2,3,2,3,4,38
B040,SUB05,15,14,3,3,4,4,4,2,4,2,3,3,38
B041,SUB01,15,14,2,2,2,4,4,2,3,3,3,2,41
B041,SUB02,15,18,2,2,3,2,4,3,2,3,2,2,38
B041,SUB03,19,15,2,2,2,3,3,2,4,2,3,3,38
B041,SUB04,15,14,4,2,3,2,3,4,4,3,2,3,38
B041,SUB05,14,15,2,3,4,3,2,3,3,3,4,4,41
B042,SUB01,17,15,2,3,3,3,3,4,3,4,3,2,38
B042,SUB02,16,17,2,4,4,3,4,3,4,2,2,3,40
B042,SUB03,20,18,4,2,2,4,3,2,4,2,3,3,40
B042,SUB04,14,19,4,4,3,4,3,4,4,3,4,3,31
B042,SUB05,17,19,3,3,3,4,2,4,4,4,3,4,32
B043,SUB01,16,18,2,4,2,2,4,3,3,4,3,3,33
B043,SUB02,14,15,4,4,2,3,2,2,3,3,3,4,31
B043,SUB03,15,15,4,4,2,3,3,3,2,3,4,2,33
B043,SUB04,14,20,3,2,3,4,2,4,3,2,4,3,40
B043,SUB05,14,15,4,2,4,4,2,2,3,2,3,2,39
B044,SUB01,22,20,4,4,5,4,3,5,3,4,5,5,60
B044,SUB02,27,27,4,4,4,4,3,5,5,5,4,4,51
B044,SUB03,24,20,3,3,5,4,4,4,3,3,5,3,48
B044,SUB04,25,22,4,5,3,4,5,4,5,5,3,4,44
B044,SUB05,21,22,5,5,4,5,3,4,4,4,4,4,44
B045,SUB01,21,26,5,5,5,5,3,5,3,5,3,3,43
B045,SUB02,20,27,3,3,4,4,4,5,4,3,5,4,51
B045,SUB03,27,26,3,3,3,5,3,5,3,5,3,3,51
B045,SUB04,26,26,5,4,4,5,5,3,4,3,4,5,46
B045,SUB05,22,24,3,3,5,3,3,3,3,5,5,4,43
B046,SUB01,27,21,4,5,3,5,5,5,3,5,3,4,47
B046,SUB02,27,22,5,3,5,5,4,4,3,3,3,5,53
B046,SUB03,27,27,3,4,4,5,4,4,3,3,5,4,53
B046,SUB04,26,20,5,4,5,5,3,4,4,4,5,4,58
B046,SUB05,24,26,3,3,3,3,5,4,4,5,4,5,50
B047,SUB01,25,25,5,4,3,4,4,5,4,3,4,4,44
B047,SUB02,20,22,5,3,3,5,5,5,3,5,4,4,45
B047,SUB03,27,26,5,3,4,3,3,4,5,4,3,5,48
B047,SUB04,25,21,4,3,5,3,4,4,3,4,5,5,55
B047,SUB05,22,27,5,4,5,3,3,4,4,3,3,4,43
B048,SUB01,28,26,3,3,5,4,5,4,5,4,3,3,59
B048,SUB02,22,21,4,3,4,4,4,5,4,4,4,4,46
B048,SUB03,25,24,3,4,5,4,5,4,3,5,3,3,43
B048,SUB04,28,21,3,4,3,4,5,4,5,4,5,4,58
B048,SUB05,22,21,3,5,3,3,5,4,3,4,3,5,45
B049,SUB01,16,18,4,3,2,3,3,4,2,4,3,2,30
B049,SUB02,18,15,3,2,2,4,3,2,3,2,3,2,37
B049,SUB03,15,18,4,4,4,3,4,4,2,2,3,4,31
B049,SUB04,19,18,4,4,3,3,3,4,2,4,3,3,34
B049,SUB05,15,16,4,4,2,3,2,3,3,4,2,3,31
B050,SUB01,15,17,2,2,3,3,2,4,4,3,4,2,38
B050,SUB02,20,20,3,4,2,3,2,3,4,2,3,3,34
B050,SUB03,18,19,4,2,4,2,4,2,4,2,4,2,32
B050,SUB04,16,16,2,4,3,3,2,4,2,2,3,2,30
B050,SUB05,16,20,4,2,4,3,4,3,3,2,3,3,32
B051,SUB01,17,16,3,4,3,4,3,4,3,3,3,3,32
B051,SUB02,17,15,3,4,2,3,2,3,4,2,3,4,39
B051,SUB03,19,14,2,3,4,3,2,3,2,4,3,2,33
B051,SUB04,18,17,2,2,3,4,3,2,2,4,4,2,35
B051,SUB05,16,20,2,3,3,3,3,2,3,3,4,2,37
B052,SUB01,7,6,1,1,3,2,3,1,1,2,2,3,26
B052,SUB02,8,8,3,3,3,1,1,3,2,3,1,1,18
B052,SUB03,6,12,3,3,2,1,1,2,2,1,3,3,23
B052,SUB04,6,8,2,2,1,1,3,1,2,3,2,2,23
B052,SUB05,10,10,3,2,3,2,3,1,2,2,1,2,21
B053,SUB01,16,20,2,4,4,4,2,2,3,2,3,3,33
B053,SUB02,18,14,2,4,3,2,3,2,4,4,2,3,36
B053,SUB03,20,16,4,3,4,2,3,4,2,2,2,4,37
B053,SUB04,16,17,3,4,3,2,3,4,3,3,4,3,40
B053,SUB05,14,19,3,4,2,4,3,4,4,3,4,3,38
B054,SUB01,26,24,3,3,5,5,4,5,5,3,5,5,46
B054,SUB02,22,23,5,5,5,5,5,3,3,4,5,4,57
B054,SUB03,27,21,5,4,3,3,5,3,5,4,5,4,60
B054,SUB04,25,28,3,4,3,4,4,3,4,4,3,4,57
B054,SUB05,28,23,5,4,4,3,5,4,4,5,5,4,60
B055,SUB01,15,14,2,2,4,4,4,4,4,2,3,3,30
B055,SUB02,18,18,2,4,2,4,4,2,2,4,3,2,30
B055,SUB03,14,19,3,3,4,2,3,2,3,2,3,4,30
B055,SUB04,15,18,4,2,4,4,2,3,3,2,2,2,30
B055,SUB05,18,17,2,3,2,3,2,3,4,4,2,4,33
B056,SUB01,22,24,3,3,5,4,5,5,5,5,4,4,49
B056,SUB02,28,24,4,3,4,4,4,4,5,5,5,5,52
B056,SUB03,27,28,3,3,4,4,5,3,5,5,4,3,57
B056,SUB04,26,23,5,5,3,3,3,3,5,5,4,4,44
B056,SUB05,26,21,3,4,3,4,3,4,5,4,4,5,49
B057,SUB01,26,22,3,4,4,5,3,4,4,5,5,3,43
B057,SUB02,22,28,3,5,4,3,4,3,4,4,4,4,42
B057,SUB03,24,28,5,4,3,3,3,5,4,5,4,3,52
B057,SUB04,22,27,4,3,3,3,3,5,3,3,5,3,51
B057,SUB05,24,22,4,3,3,4,5,4,5,5,3,3,49
B058,SUB01,13,9,3,2,1,3,2,1,1,2,3,1,19
B058,SUB02,7,12,1,1,2,2,3,1,2,2,3,3,24
B058,SUB03,12,12,2,3,3,3,3,1,2,1,2,2,26
B058,SUB04,7,6,1,1,1,3,3,2,2,1,1,3,20
B058,SUB05,13,7,3,3,1,1,1,1,1,3,2,3,22
B059,SUB01,19,16,2,3,2,4,3,2,4,3,2,3,33
B059,SUB02,16,20,2,4,2,4,2,4,4,3,4,2,38
B059,SUB03,20,18,4,3,2,3,4,2,3,4,3,3,36
B059,SUB04,16,17,2,3,3,3,2,2,3,3,3,3,36
B059,SUB05,15,16,4,3,4,2,4,4,4,3,4,4,33
B060,SUB01,17,19,2,2,2,3,4,2,3,3,2,3,35
B060,SUB02,18,14,4,3,2,4,2,3,4,3,3,4,36
B060,SUB03,15,20,3,2,3,3,2,3,4,4,4,2,30
B060,SUB04,20,14,3,4,2,2,2,3,4,2,4,3,33
B060,SUB05,15,16,2,3,2,3,4,2,3,4,2,3,32
B061,SUB01,17,14,2,4,2,4,4,2,2,4,4,4,31
B061,SUB02,15,19,4,3,2,2,2,4,3,2,2,4,31
B061,SUB03,16,20,3,3,4,2,2,2,3,3,2,2,33
B061,SUB04,20,14,2,3,2,3,4,2,3,3,2,4,41
B061,SUB05,17,14,2,2,2,2,2,3,4,3,4,2,30
B062,SUB01,17,16,5,1,5,4,2,4,5,3,5,4,37
B062,SUB02,14,16,3,2,3,2,4,3,2,1,4,3,37
B062,SUB03,21,15,3,3,2,3,4,4,2,5,5,3,38
B062,SUB04,17,22,5,3,4,3,4,1,2,3,5,3,35
B062,SUB05,10,20,5,2,5,3,4,3,3,4,1,1,41
B063,SUB01,24,24,4,5,4,3,3,5,3,4,3,3,52
B063,SUB02,24,22,5,4,5,3,3,5,3,5,5,3,44
B063,SUB03,28,21,4,4,5,3,3,4,3,5,5,3,55
B063,SUB04,25,26,4,4,5,4,5,5,3,4,3,3,60
B063,SUB05,27,28,3,4,3,5,4,3,4,3,4,5,53
B064,SUB01,19,16,2,3,4,4,3,2,3,2,2,4,33
B064,SUB02,14,16,4,2,3,2,2,2,3,4,4,3,36
B064,SUB03,14,16,4,3,4,4,2,4,2,4,2,4,40
B064,SUB04,14,19,3,4,2,3,4,2,3,3,4,2,36
B064,SUB05,15,19,3,3,3,4,2,4,2,4,3,4,38
B065,SUB01,26,21,5,5,5,3,4,5,5,5,4,4,60
B065,SUB02,24,28,5,5,4,3,4,5,4,5,3,4,50
B065,SUB03,26,24,4,3,3,4,3,4,3,5,4,5,49
B065,SUB04,27,22,4,4,5,5,3,5,3,4,5,3,55
B065,SUB05,26,20,3,3,4,4,3,4,5,4,4,3,45
B066,SUB01,12,13,2,2,3,1,1,3,3,2,1,2,23
B066,SUB02,11,8,3,3,1,2,1,3,2,3,3,2,23
B066,SUB03,13,7,2,2,2,1,3,2,2,2,3,1,21
B066,SUB04,10,9,1,3,3,3,3,2,2,1,2,2,22
B066,SUB05,8,8,2,2,2,3,1,2,2,2,3,2,29
B067,SUB01,14,14,2,2,3,2,3,2,3,4,3,3,39
B067,SUB02,17,16,3,4,4,3,2,3,4,2,3,4,36
B067,SUB03,15,15,3,2,2,4,3,3,4,2,2,3,32
B067,SUB04,20,15,4,3,2,2,4,2,3,4,3,2,35
B067,SUB05,14,20,3,4,2,2,3,2,4,4,3,2,38
B068,SUB01,20,14,4,3,4,3,3,4,3,3,4,2,30
B068,SUB02,15,16,2,3,2,3,4,2,2,4,3,2,35
B068,SUB03,16,18,2,2,3,3,2,3,3,3,2,2,41
B068,SUB04,17,18,2,4,3,3,3,2,4,2,4,3,31
B068,SUB05,20,15,4,2,4,4,4,2,2,2,2,4,32
B069,SUB01,9,8,1,2,2,1,2,2,1,3,1,2,23
B069,SUB02,8,6,2,3,2,2,3,1,3,1,2,1,26
B069,SUB03,8,11,2,2,1,3,2,3,2,3,2,3,20
B069,SUB04,12,8,1,3,1,3,2,1,3,3,3,2,22
B069,SUB05,8,8,3,3,2,2,1,2,2,1,1,3,23
B070,SUB01,17,20,3,4,3,2,4,4,4,3,2,4,32
B070,SUB02,15,15,3,4,3,4,4,2,4,2,3,4,30
B070,SUB03,15,15,4,2,2,4,2,3,3,3,2,2,40
B070,SUB04,20,19,3,4,3,2,2,3,3,4,3,2,30
B070,SUB05,16,20,4,2,2,4,2,3,2,2,3,3,37
C001,SUB01,22,16,3,5,3,5,3,3,4,5,3,1,29
C001,SUB02,21,18,3,3,5,4,2,3,1,5,2,1,33
C001,SUB03,17,16,3,4,2,2,3,3,2,3,5,3,30
C001,SUB04,14,16,4,2,4,4,3,1,3,3,3,2,35
C001,SUB05,20,22,1,5,3,5,3,1,5,5,1,2,43
C002,SUB01,19,20,2,4,4,2,2,3,2,2,2,3,33
C002,SUB02,17,18,4,2,2,2,4,2,2,3,4,3,38
C002,SUB03,16,14,2,3,4,3,3,3,2,3,2,4,31
C002,SUB04,17,16,3,3,4,4,4,2,4,3,4,3,41
C002,SUB05,18,17,4,2,3,2,2,4,2,2,4,2,39
C003,SUB01,15,16,4,2,3,2,3,2,3,4,4,2,34
C003,SUB02,16,18,2,3,3,3,3,4,4,2,4,2,36
C003,SUB03,19,20,4,4,3,4,3,2,3,2,4,3,30
C003,SUB04,16,20,2,2,3,2,4,4,3,2,4,4,36
C003,SUB05,17,14,4,4,2,3,2,4,2,3,2,2,33
C004,SUB01,10,10,3,3,1,3,4,4,1,4,2,2,27
C004,SUB02,7,5,1,4,0,3,1,1,2,3,2,4,27
C004,SUB03,10,8,4,3,2,0,3,4,1,0,1,4,22
C004,SUB04,9,8,1,0,0,3,0,3,2,0,0,2,19
C004,SUB05,8,12,0,0,4,2,4,2,0,1,2,1,16
C005,SUB01,7,13,1,1,2,1,1,2,3,3,3,3,23
C005,SUB02,6,6,2,3,3,3,2,2,3,2,3,2,18
C005,SUB03,6,7,3,3,1,2,2,2,1,1,3,2,19
C005,SUB04,8,12,2,3,2,3,2,1,3,2,2,3,20
C005,SUB05,11,12,2,1,3,3,2,2,1,1,1,3,18
C006,SUB01,19,14,4,4,4,3,4,2,4,3,3,4,40
C006,SUB02,14,15,2,2,2,2,2,3,4,2,2,2,32
C006,SUB03,15,20,2,2,2,4,3,4,3,3,2,3,40
C006,SUB04,19,17,4,3,4,2,3,4,3,2,4,3,32
C006,SUB05,15,19,3,2,4,2,2,3,3,4,2,4,33
C007,SUB01,26,28,3,4,5,4,5,3,4,3,5,5,44
C007,SUB02,28,27,3,3,3,3,5,5,4,4,4,5,57
C007,SUB03,22,22,5,3,3,3,4,4,5,4,4,5,56
C007,SUB04,20,20,3,4,3,4,4,4,5,4,5,4,55
C007,SUB05,20,21,3,3,3,4,3,4,3,4,4,5,57
C008,SUB01,18,18,3,4,2,2,4,4,3,3,2,4,35
C008,SUB02,19,15,4,4,2,3,3,2,3,2,2,3,38
C008,SUB03,18,19,2,4,2,3,3,3,2,2,4,2,30
C008,SUB04,15,16,3,2,4,2,4,2,4,4,4,4,32
C008,SUB05,20,17,4,4,4,3,4,2,4,3,3,4,34
C009,SUB01,22,27,5,5,5,3,5,4,4,5,4,3,54
C009,SUB02,25,24,5,3,3,5,5,5,3,3,5,3,47
C009,SUB03,22,28,5,4,4,3,5,5,4,4,5,4,49
C009,SUB04,21,28,4,5,3,4,3,4,3,5,4,5,52
C009,SUB05,21,24,4,3,4,3,5,5,4,4,3,5,42
C010,SUB01,7,11,1,3,1,1,2,2,3,2,3,3,28
C010,SUB02,11,13,3,3,2,1,3,3,1,1,3,2,23
C010,SUB03,8,10,2,1,3,2,3,3,2,3,1,3,24
C010,SUB04,8,6,2,3,1,3,3,1,1,2,2,3,25
C010,SUB05,11,12,1,2,2,1,1,3,1,3,3,2,19
C011,SUB01,20,20,4,4,3,4,4,3,2,4,2,4,37
C011,SUB02,20,17,2,2,4,2,3,4,4,2,2,2,40
C011,SUB03,14,19,3,4,4,4,3,3,2,2,4,4,40
C011,SUB04,19,14,4,3,3,4,2,4,2,4,2,2,37
C011,SUB05,19,20,4,4,3,2,3,4,4,4,2,3,36
C012,SUB01,15,20,2,4,3,2,3,4,4,3,3,2,34
C012,SUB02,17,14,3,3,3,3,2,4,2,4,3,2,31
C012,SUB03,15,16,2,4,3,2,2,4,2,4,2,2,38
C012,SUB04,18,18,4,4,3,2,4,3,2,4,4,3,41
C012,SUB05,18,15,2,4,4,4,3,3,3,3,2,3,30
C013,SUB01,23,27,4,3,5,5,4,3,3,3,4,5,42
C013,SUB02,20,20,5,5,3,4,4,5,5,3,5,3,58
C013,SUB03,26,27,4,3,4,3,5,5,5,5,3,3,59
C013,SUB04,21,24,5,4,5,4,3,5,5,5,5,5,42
C013,SUB05,21,21,4,3,3,4,5,5,4,5,3,3,57
C014,SUB01,18,14,3,4,2,2,3,4,2,3,4,4,41
C014,SUB02,16,20,4,2,2,3,3,2,2,3,3,2,40
C014,SUB03,20,16,3,2,3,3,3,4,3,4,4,4,39
C014,SUB04,14,17,3,4,4,3,4,4,3,3,3,4,40
C014,SUB05,17,15,3,2,2,2,2,4,4,3,3,2,33
C015,SUB01,18,19,2,4,4,3,2,3,3,2,3,3,40
C015,SUB02,18,18,3,2,3,3,4,4,2,2,4,3,32
C015,SUB03,19,16,2,3,2,2,4,4,2,3,3,3,40
C015,SUB04,15,14,4,4,2,3,3,3,2,2,3,4,31
C015,SUB05,18,14,3,3,4,3,2,4,3,4,3,3,40
C016,SUB01,7,7,1,2,3,3,3,2,2,1,1,3,18
C016,SUB02,8,12,1,2,1,2,3,1,2,1,3,3,19
C016,SUB03,10,8,1,1,1,1,2,3,1,3,2,2,26
C016,SUB04,8,7,2,3,1,2,3,3,2,3,3,3,21
C016,SUB05,10,11,2,1,3,3,3,1,3,1,3,2,28
C017,SUB01,25,20,3,4,4,5,3,4,4,4,3,5,43
C017,SUB02,25,23,5,3,4,3,3,3,4,5,3,5,50
C017,SUB03,20,24,4,5,3,5,3,5,5,3,5,5,57
C017,SUB04,28,20,4,4,4,4,5,4,5,4,3,4,45
C017,SUB05,28,25,5,4,4,4,3,4,4,5,3,5,55
C018,SUB01,15,14,3,3,3,2,2,3,4,2,4,2,33
C018,SUB02,17,16,4,4,2,2,3,4,2,2,4,3,30
C018,SUB03,14,18,4,2,3,3,4,4,3,4,3,4,38
C018,SUB04,16,18,2,3,2,3,3,4,4,2,3,3,35
C018,SUB05,18,16,2,3,4,3,4,2,2,2,2,4,33
C019,SUB01,13,8,1,1,2,3,1,3,1,1,2,2,27
C019,SUB02,7,9,3,2,3,3,1,2,2,3,2,3,29
C019,SUB03,9,7,3,1,1,2,3,2,3,2,2,3,18
C019,SUB04,8,7,3,1,1,1,3,1,3,2,1,2,28
C019,SUB05,10,8,1,3,2,2,1,2,2,1,2,3,22
C020,SUB01,16,20,3,2,2,3,4,3,2,4,3,2,36
C020,SUB02,16,19,4,4,2,2,4,3,2,4,3,3,32
C020,SUB03,19,18,4,4,3,3,2,3,4,3,3,4,32
C020,SUB04,19,15,2,2,4,2,2,4,2,4,3,4,39
C020,SUB05,14,14,2,2,2,3,2,4,4,3,2,2,33
C021,SUB01,27,25,4,4,3,4,3,4,4,3,4,3,52
C021,SUB02,21,20,3,4,3,5,5,3,4,4,5,3,58
C021,SUB03,20,20,3,4,4,3,3,4,5,5,3,5,43
C021,SUB04,26,23,5,3,4,5,4,3,3,4,4,5,49
C021,SUB05,28,22,5,5,5,5,4,5,3,4,5,5,44
C022,SUB01,21,25,5,4,3,3,5,3,5,3,3,4,55
C022,SUB02,25,20,5,5,3,3,3,3,5,4,3,4,58
C022,SUB03,23,21,4,4,4,4,5,4,3,4,5,5,50
C022,SUB04,21,24,5,4,4,5,3,3,4,4,5,3,44
C022,SUB05,20,24,5,4,4,4,5,3,5,5,4,3,53
C023,SUB01,20,15,2,3,2,4,3,4,2,2,4,3,32
C023,SUB02,18,17,4,4,2,2,2,2,3,2,2,3,39
C023,SUB03,20,17,3,4,4,4,4,2,3,2,4,4,30
C023,SUB04,15,16,4,2,3,4,3,3,2,2,3,2,33
C023,SUB05,17,17,4,2,2,4,2,4,2,3,4,4,34
C024,SUB01,25,24,4,3,5,3,4,4,3,3,5,5,51
C024,SUB02,25,27,3,5,4,3,5,3,4,4,3,3,53
C024,SUB03,23,27,3,5,5,5,3,3,3,4,5,3,60
C024,SUB04,21,21,3,3,4,3,5,3,4,4,4,3,56
C024,SUB05,23,28,5,4,4,4,3,4,5,3,3,4,59
C025,SUB01,25,24,3,4,3,4,5,3,3,4,5,5,43
C025,SUB02,20,20,5,3,3,3,5,4,3,4,4,3,56
C025,SUB03,20,22,3,4,4,5,4,5,3,3,5,3,44
C025,SUB04,22,23,5,5,5,5,5,5,3,3,4,5,44
C025,SUB05,23,26,5,3,3,5,3,5,3,3,5,4,55
C026,SUB01,18,18,4,4,4,4,4,3,3,3,3,4,30
C026,SUB02,17,15,3,3,2,3,3,2,2,4,2,2,34
C026,SUB03,18,14,3,4,3,4,3,2,3,4,4,2,34
C026,SUB04,17,16,4,2,3,2,2,2,4,4,3,3,37
C026,SUB05,19,15,2,4,4,3,3,4,2,3,3,4,30
C027,SUB01,20,27,3,3,4,5,5,3,4,4,3,3,45
C027,SUB02,27,25,5,4,3,3,5,3,4,3,4,5,45
C027,SUB03,27,24,5,4,3,4,5,4,3,5,3,3,55
C027,SUB04,27,21,3,4,4,3,4,4,3,4,3,4,59
C027,SUB05,21,21,3,4,5,3,4,4,5,5,3,4,45
C028,SUB01,16,16,2,4,2,3,2,4,3,2,4,4,38
C028,SUB02,18,16,2,3,4,3,2,2,3,2,2,2,37
C028,SUB03,17,17,2,4,3,4,2,3,2,3,3,4,31
C028,SUB04,14,14,2,2,4,4,3,4,3,3,4,4,38
C028,SUB05,16,17,4,2,3,4,2,3,2,4,3,3,35
C029,SUB01,14,19,4,3,2,3,4,2,2,3,4,4,35
C029,SUB02,19,20,4,3,2,2,3,2,2,4,3,2,36
C029,SUB03,17,16,3,2,2,2,2,3,4,4,3,2,34
C029,SUB04,16,14,2,3,2,3,2,4,3,4,2,2,36
C029,SUB05,14,18,3,3,2,3,2,2,2,4,4,4,41
C030,SUB01,22,23,5,3,4,3,3,5,3,3,4,5,46
C030,SUB02,26,20,3,5,4,4,5,5,3,4,4,4,46
C030,SUB03,25,22,3,3,5,3,5,3,5,4,3,4,45
C030,SUB04,23,24,3,5,5,4,5,4,4,5,4,5,46
C030,SUB05,23,22,4,3,3,4,5,4,4,3,3,5,51
C031,SUB01,24,24,3,3,3,4,5,3,4,5,5,4,46
C031,SUB02,20,28,5,4,4,5,3,3,4,4,3,5,48
C031,SUB03,22,20,5,3,3,5,5,3,4,3,5,5,45
C031,SUB04,27,22,4,5,5,3,3,3,3,5,5,3,44
C031,SUB05,22,26,4,5,4,5,4,4,4,4,4,3,44
C032,SUB01,13,9,3,2,3,1,3,3,3,3,1,3,26
C032,SUB02,10,13,3,3,2,2,3,1,3,1,2,3,29
C032,SUB03,13,6,3,3,3,2,2,3,1,1,1,3,19
C032,SUB04,6,9,1,3,3,3,1,1,2,1,2,1,19
C032,SUB05,12,10,2,2,2,2,1,2,3,3,1,1,22
C033,SUB01,14,20,2,2,4,4,2,4,4,4,3,3,40
C033,SUB02,20,15,2,3,2,2,3,3,2,4,2,2,36
C033,SUB03,17,19,3,2,4,4,4,3,3,4,4,3,40
C033,SUB04,15,15,2,2,3,2,3,3,2,2,4,4,37
C033,SUB05,19,15,2,3,2,3,3,2,4,4,4,2,34
C034,SUB01,25,24,3,5,5,5,3,4,3,5,4,5,47
C034,SUB02,27,22,5,3,3,3,3,3,3,5,4,5,60
C034,SUB03,24,25,5,5,5,5,4,5,3,4,4,4,44
C034,SUB04,22,24,4,3,3,5,3,4,3,3,3,5,55
C034,SUB05,22,23,3,4,4,3,5,4,5,4,3,3,43
C035,SUB01,18,23,3,5,5,5,5,3,5,4,4,5,54
C035,SUB02,28,24,4,5,5,5,3,3,5,5,5,3,50
C035,SUB03,24,20,4,4,4,5,2,3,3,4,3,5,55
C035,SUB04,25,23,5,2,4,4,5,4,2,5,3,5,46
C035,SUB05,26,29,5,4,4,5,5,4,3,4,3,2,43
C036,SUB01,6,6,1,1,1,2,3,3,3,1,2,1,19
C036,SUB02,9,13,2,1,3,2,2,2,3,3,1,3,22
C036,SUB03,6,7,2,3,2,3,1,3,1,3,1,1,23
C036,SUB04,7,10,3,1,3,2,1,1,1,2,3,1,20
C036,SUB05,13,12,3,1,3,3,1,1,1,3,2,2,24
C037,SUB01,28,23,5,4,3,5,5,3,3,5,5,5,51
C037,SUB02,20,23,3,3,5,4,4,4,5,5,4,5,55
C037,SUB03,24,20,4,3,5,5,4,4,5,5,4,4,58
C037,SUB04,21,22,3,4,3,4,4,5,5,4,3,3,55
C037,SUB05,24,20,5,3,5,4,4,4,3,4,5,5,47
C038,SUB01,15,20,4,2,3,4,3,3,3,2,4,3,35
C038,SUB02,15,19,3,2,4,3,3,2,4,3,4,3,36
C038,SUB03,19,20,4,4,4,4,3,4,2,2,4,2,31
C038,SUB04,20,17,4,3,3,4,3,4,2,3,3,4,35
C038,SUB05,15,16,4,4,4,4,2,4,4,4,4,3,40
C039,SUB01,25,20,5,4,3,3,5,3,4,5,5,3,44
C039,SUB02,24,25,5,5,4,5,5,5,3,4,4,3,55
C039,SUB03,22,22,3,3,3,3,4,5,5,3,3,5,51
C039,SUB04,21,22,4,4,5,3,4,5,5,4,3,3,43
C039,SUB05,20,26,4,5,4,3,3,5,5,4,3,5,48
C040,SUB01,18,15,3,3,4,3,3,4,2,2,4,4,32
C040,SUB02,15,17,3,4,3,3,3,3,2,4,4,3,31
C040,SUB03,17,20,2,3,4,4,3,2,4,2,3,3,30
C040,SUB04,14,20,4,4,2,4,2,3,3,4,3,3,36
C040,SUB05,14,17,4,4,2,4,2,3,2,2,3,2,40
C041,SUB01,20,15,3,3,2,2,3,4,3,2,2,3,35
C041,SUB02,16,20,3,2,3,3,3,2,3,3,2,3,37
C041,SUB03,19,20,4,4,3,2,2,4,2,4,4,4,32
C041,SUB04,16,20,4,2,2,3,4,4,4,3,3,3,38
C041,SUB05,15,16,3,3,2,2,3,3,3,3,3,4,39
C042,SUB01,15,15,2,2,3,2,4,4,4,4,4,3,35
C042,SUB02,19,14,4,3,3,4,3,4,4,4,2,3,33
C042,SUB03,19,15,3,4,2,4,2,2,4,3,4,2,35
C042,SUB04,15,19,2,3,3,4,3,3,4,2,4,2,38
C042,SUB05,18,15,2,2,4,3,2,4,4,3,2,4,39
C043,SUB01,10,6,2,2,1,1,3,2,2,2,2,3,22
C043,SUB02,7,10,3,3,3,1,2,1,1,1,3,3,24
C043,SUB03,7,11,3,3,2,3,1,2,2,3,1,3,20
C043,SUB04,12,11,2,1,2,2,1,1,1,3,3,3,19
C043,SUB05,10,13,2,2,2,3,3,2,2,3,2,3,18
C044,SUB01,20,16,2,2,3,3,3,2,3,4,4,3,35
C044,SUB02,14,15,3,2,3,4,4,4,2,3,2,2,36
C044,SUB03,20,20,3,4,4,3,3,4,4,2,3,2,35
C044,SUB04,19,15,2,2,4,2,2,4,2,4,3,3,32
C044,SUB05,15,19,3,2,2,3,3,3,4,4,4,3,35
C045,SUB01,21,22,5,3,3,3,3,3,5,5,3,3,49
C045,SUB02,23,24,5,3,3,5,4,4,5,5,3,3,46
C045,SUB03,28,21,5,3,3,3,3,5,5,4,5,4,51
C045,SUB04,23,20,3,3,3,4,5,5,3,3,5,4,51
C045,SUB05,23,28,5,4,3,5,3,4,5,5,5,5,56
C046,SUB01,20,21,5,5,4,3,3,4,3,4,4,5,54
C046,SUB02,25,22,5,3,4,3,3,3,5,3,5,5,46
C046,SUB03,23,24,3,5,3,5,4,4,5,4,3,3,48
C046,SUB04,28,27,4,5,5,4,4,5,4,3,4,3,48
C046,SUB05,27,26,5,5,5,3,3,3,3,5,5,5,50
C047,SUB01,20,19,2,3,4,3,2,4,3,3,2,3,39
C047,SUB02,18,17,4,2,2,3,3,3,3,3,3,2,39
C047,SUB03,18,18,3,2,2,4,3,2,2,2,2,3,31
C047,SUB04,19,15,3,4,3,3,4,3,4,3,2,4,39
C047,SUB05,17,14,4,4,4,4,2,3,3,2,2,3,36
C048,SUB01,18,14,2,4,4,2,3,4,4,2,4,3,38
C048,SUB02,14,15,3,3,2,3,2,3,2,3,2,4,34
C048,SUB03,19,18,4,4,4,2,2,2,2,3,3,2,35
C048,SUB04,18,16,2,2,2,3,4,4,4,4,4,3,36
C048,SUB05,19,18,3,3,3,2,3,3,2,2,2,4,33
C049,SUB01,25,25,5,4,3,3,5,5,5,3,4,5,54
C049,SUB02,22,21,3,4,3,5,5,5,5,5,4,5,47
C049,SUB03,25,27,4,3,3,3,5,4,5,5,3,4,52
C049,SUB04,25,28,4,3,4,4,5,5,3,5,5,3,49
C049,SUB05,20,20,3,4,4,4,4,5,5,4,4,4,42
C050,SUB01,17,18,3,4,2,3,4,3,4,4,2,2,39
C050,SUB02,19,16,3,3,3,4,4,3,4,4,3,4,31
C050,SUB03,19,18,2,3,3,2,3,2,2,4,4,2,31
C050,SUB04,15,14,4,3,3,2,3,4,4,3,3,3,40
C050,SUB05,18,15,4,4,3,3,4,4,2,3,3,3,41
C051,SUB01,7,10,2,3,2,3,2,3,3,1,1,2,28
C051,SUB02,9,9,3,3,1,1,1,2,1,1,1,1,27
C051,SUB03,8,9,1,3,2,2,1,2,3,2,3,1,26
C051,SUB04,8,7,3,3,1,3,2,3,2,1,1,2,21
C051,SUB05,13,6,2,1,1,3,1,2,1,3,3,2,29
C052,SUB01,23,28,5,3,4,4,4,5,3,4,4,3,45
C052,SUB02,24,22,3,3,5,4,3,4,3,5,3,3,48
C052,SUB03,27,24,3,4,5,4,3,5,5,3,5,4,49
C052,SUB04,22,26,5,4,3,5,4,4,5,3,4,3,42
C052,SUB05,22,21,3,3,5,3,5,3,4,4,3,5,53
C053,SUB01,23,28,5,3,4,3,4,3,4,4,5,4,51
C053,SUB02,25,24,3,4,3,5,3,3,5,5,3,4,43
C053,SUB03,26,20,3,5,5,5,3,4,5,5,3,5,52
C053,SUB04,22,26,3,3,5,4,4,5,3,4,4,5,60
C053,SUB05,24,22,3,4,4,3,3,3,3,4,4,4,56
C054,SUB01,18,14,4,2,3,4,3,4,3,3,4,2,32
C054,SUB02,14,16,4,4,2,2,4,3,4,2,2,2,36
C054,SUB03,16,20,4,4,3,4,3,4,2,3,2,3,37
C054,SUB04,18,20,2,3,3,2,3,2,4,4,3,3,36
C054,SUB05,14,17,3,3,2,4,3,2,4,3,4,2,35
C055,SUB01,22,26,5,4,3,4,5,5,3,4,4,5,56
C055,SUB02,22,20,5,4,3,4,4,3,3,4,5,4,56
C055,SUB03,28,28,5,5,3,3,4,5,4,5,4,5,42
C055,SUB04,24,27,3,3,5,5,3,5,3,3,3,5,45
C055,SUB05,27,23,4,3,5,4,4,3,4,3,5,5,54
C056,SUB01,13,11,1,1,2,1,3,1,3,1,2,3,23
C056,SUB02,10,10,1,2,2,1,3,3,1,3,2,2,25
C056,SUB03,10,12,3,2,2,2,2,3,1,2,2,2,20
C056,SUB04,12,6,1,3,1,3,3,3,3,3,3,3,23
C056,SUB05,6,12,1,2,2,3,1,1,2,2,2,2,26
C057,SUB01,19,20,3,3,4,2,4,2,2,2,2,2,33
C057,SUB02,18,19,2,4,2,2,4,2,2,4,2,2,41
C057,SUB03,15,17,3,4,2,2,3,3,3,2,4,2,35
C057,SUB04,15,18,4,3,2,2,3,4,2,4,4,3,33
C057,SUB05,18,18,4,3,4,4,4,2,2,2,3,2,37
C058,SUB01,15,18,2,3,3,4,4,4,2,2,4,2,37
C058,SUB02,18,17,3,4,3,3,2,4,3,4,2,2,37
C058,SUB03,20,15,4,2,2,3,3,4,2,3,2,4,31
C058,SUB04,15,20,4,4,3,4,2,4,4,4,2,4,32
C058,SUB05,19,17,2,3,2,2,2,4,3,2,4,4,31
C059,SUB01,18,15,3,3,2,2,4,2,3,2,3,3,38
C059,SUB02,20,19,3,4,3,4,4,2,3,3,4,2,30
C059,SUB03,14,19,3,2,3,4,3,2,4,4,2,4,40
C059,SUB04,14,15,2,2,3,4,2,4,2,2,2,4,36
C059,SUB05,14,19,3,3,3,2,4,2,4,4,3,2,30
C060,SUB01,18,17,2,4,3,3,4,2,2,2,3,4,40
C060,SUB02,18,19,3,3,2,4,4,3,3,3,3,2,36
C060,SUB03,15,16,2,2,2,4,3,4,3,4,3,2,36
C060,SUB04,17,18,3,4,4,2,2,4,4,3,2,3,33
C060,SUB05,17,17,2,4,2,2,2,2,2,4,2,3,35
C061,SUB01,18,15,2,4,3,3,2,2,3,3,2,3,31
C061,SUB02,17,17,3,3,3,4,2,3,2,3,2,2,30
C061,SUB03,18,14,3,4,2,2,3,3,4,2,2,4,39
C061,SUB04,19,16,4,4,2,2,3,2,2,2,4,2,34
C061,SUB05,16,18,2,3,3,3,3,4,2,4,4,4,41
C062,SUB01,20,28,4,4,5,4,3,5,5,4,4,4,60
C062,SUB02,26,22,4,5,4,5,5,5,3,4,4,3,55
C062,SUB03,21,20,3,4,5,4,4,5,3,4,3,3,45
C062,SUB04,27,20,3,3,4,5,4,4,5,5,5,5,57
C062,SUB05,25,23,3,3,5,5,5,3,4,5,4,5,58
C063,SUB01,17,17,2,3,2,3,2,4,2,3,2,3,37
C063,SUB02,19,18,4,2,2,3,3,3,4,4,3,3,31
C063,SUB03,18,19,3,3,4,4,3,4,2,3,3,3,35
C063,SUB04,20,19,2,2,3,3,3,4,4,2,3,2,35
C063,SUB05,19,14,2,2,2,2,2,3,4,2,2,2,33
C064,SUB01,14,15,3,2,4,3,4,4,2,2,4,4,35
C064,SUB02,18,18,2,2,4,3,3,3,4,2,4,4,34
C064,SUB03,18,16,3,3,2,4,2,2,2,2,3,3,35
C064,SUB04,17,14,2,4,4,3,4,2,4,4,2,3,36
C064,SUB05,14,15,3,4,2,3,2,4,2,3,4,2,41
C065,SUB01,14,14,4,2,2,4,2,4,4,4,2,3,32
C065,SUB02,17,20,3,4,3,3,3,3,2,4,4,3,38
C065,SUB03,15,20,2,4,2,2,4,4,3,2,2,3,39
C065,SUB04,19,16,3,3,2,4,4,2,2,2,4,2,39
C065,SUB05,15,18,2,4,3,4,3,4,4,3,3,3,35
C066,SUB01,20,18,4,4,2,4,4,2,2,3,2,2,41
C066,SUB02,17,16,2,3,2,3,3,3,3,2,3,3,31
C066,SUB03,17,15,4,3,4,4,2,2,3,3,4,4,40
C066,SUB04,19,16,4,3,2,4,2,2,4,3,4,4,39
C066,SUB05,18,19,2,2,3,4,4,3,2,4,3,4,35
C067,SUB01,24,28,4,5,5,4,3,5,3,4,5,4,45
C067,SUB02,25,28,5,5,5,5,5,5,5,5,3,5,46
C067,SUB03,24,28,4,4,5,4,4,5,5,5,3,4,45
C067,SUB04,28,24,5,4,4,5,4,3,4,3,5,5,44
C067,SUB05,28,22,3,3,3,5,5,4,3,5,5,4,47
